{"Metadata":{"Name":"Mortgage Rate Explorer - Step4","ModifiedBy":"urn:elli:encompass:debe11170913:user:ifbadmin","ModifiedDate":"2020-03-09 02:15 AM UTC","Description":"Sample Mortgage Rate Explorer for XP 2020 Demo","Enabled":false,"Type":"Custom","Version":1,"FormLayout":"responsive","filename":"Mortgage Rate Explorer - Step4","status":"PENDING"},"Panels":[{"id":"Categorybox1","cid":"6612254f-69df-1ad2-faa7-2dea6b3b8bf0","row":"1","col":"12","sectionHeaderText":"Categorybox1","formPersonaAccess":{},"enableHeader":"false","enabled":"true","visible":"true","isAvailableOnWorkspace":"true","lastItem":"last-item"}],"Controls":[{"id":"GroupBox1","type":"GroupBox","cid":"d2c2dc47-51f6-68a3-5eae-e9bb1b2a2028","options":0,"headerClass":"em-group-box","Properties":{"ui":{"width":6,"isControlResized":true,"label":"Property Address","offset":0,"enableHeader":"true","groupBoxHeader":"Property Address","containerType":"GroupBox","borderStyle":"dotted","borderLines":"right"},"events":{},"data":{"domain":{}}},"parentId":"Categorybox1","domPath":"/Categorybox1","depth":null,"index":0,"name":"GroupBox1","isAvailableOnWorkspace":"true","enabled":"true","visible":"true","formPersonaAccess":{},"previewMode":false},{"id":"TextBox1","type":"TextBox","cid":"9b86092c-c793-23e8-2c4f-096a66eed6f5","options":0,"controlClass":"em-txt-lg","labelPosition":"label_Top","Properties":{"ui":{"width":12,"isControlResized":true,"label":"Street","offset":0,"labelWrap":"false","labelPosition":"Top","labelPositionValue":"1","labelStyle":"","removedLabel":"false","hoverText":"","maxChar":"32","inputSymbol":"","inputSymbolText":"-- Choose One--","placeholder":"","instructionText":""},"events":{},"data":{"domain":{"fieldId":"11","fieldType":"standard","fieldFormat":"STRING","entityPath":"loan.property.streetAddress","entity":"","property":"streetAddress","collectionField":null,"itemNumber":"","stdDataOptions":"manual","allowEdit":"true"}}},"parentId":"GroupBox1","domPath":"/Categorybox1/GroupBox1","depth":null,"index":0,"name":"TextBox1","isAvailableOnWorkspace":"true","enabled":"true","tabIndex":"","lockField":"false","lockIconPosition":"Left","lockIconPositionValue":"1","city":"","state":"","country":"","cityField":"","stateField":"","countyField":"","rolodexId":"","rolodexField":"","visible":"true","controlAction":"","controlActionText":"Choose One...","field":"11 (Subject Property Street)","previewMode":false},{"id":"TextBox2","type":"TextBox","cid":"42123d70-e2eb-d5ac-53b5-d13f0636a427","options":0,"controlClass":"em-txt-lg","labelPosition":"label_Top","Properties":{"ui":{"width":6,"isControlResized":true,"label":"City","offset":0,"labelWrap":"false","labelPosition":"Top","labelPositionValue":"1","labelStyle":"","removedLabel":"false","hoverText":"","maxChar":"22","inputSymbol":"","inputSymbolText":"-- Choose One--","placeholder":"","instructionText":""},"events":{},"data":{"domain":{"fieldId":"12","fieldType":"standard","fieldFormat":"STRING","entityPath":"loan.property.city","entity":"","property":"city","collectionField":null,"itemNumber":"","allowEdit":"true"}}},"parentId":"GroupBox1","domPath":"/Categorybox1/GroupBox1","depth":null,"index":0,"name":"TextBox2","isAvailableOnWorkspace":"true","enabled":"true","tabIndex":"","lockField":"false","lockIconPosition":"Left","lockIconPositionValue":"1","city":"","state":"","country":"","cityField":"","stateField":"","countyField":"","rolodexId":"","rolodexField":"","visible":"true","controlAction":"","controlActionText":"Choose One...","field":"12 (Subject Property City)","previewMode":false},{"id":"StateBox","type":"TextBox","cid":"08175cb6-f350-1804-9e84-6095b7a68db4","options":0,"controlClass":"em-txt-lg","labelPosition":"label_Top","Properties":{"ui":{"width":3,"isControlResized":true,"label":"State","offset":0,"labelWrap":"false","labelPosition":"Top","labelPositionValue":"1","labelStyle":"","removedLabel":"false","hoverText":"","maxChar":"2","inputSymbol":"","inputSymbolText":"-- Choose One--","placeholder":"","instructionText":""},"events":{},"data":{"domain":{"fieldId":"14","fieldType":"standard","fieldFormat":"STATE","fieldDBType":"varchar(255)","entityPath":"loan.property.state","entity":"","property":"state","collectionField":null,"itemNumber":"","allowEdit":"true"}}},"parentId":"GroupBox1","domPath":"/Categorybox1/GroupBox1","depth":null,"index":0,"name":"TextBox3","isAvailableOnWorkspace":"true","enabled":"true","tabIndex":"","lockField":"false","lockIconPosition":"Left","lockIconPositionValue":"1","city":"","state":"","country":"","cityField":"","stateField":"","countyField":"","rolodexId":"","rolodexField":"","visible":"true","controlAction":"","controlActionText":"Choose One...","field":"14 (Subject Property State)","previewMode":false},{"id":"TextBox4","type":"TextBox","cid":"6fcc64d6-8d03-7d6e-3555-99af0c88f569","options":0,"controlClass":"em-txt-lg","labelPosition":"label_Top","Properties":{"ui":{"width":3,"isControlResized":true,"label":"Zip","offset":0,"labelWrap":"false","labelPosition":"Top","labelPositionValue":"1","labelStyle":"","removedLabel":"false","hoverText":"","maxChar":"10","inputSymbol":"","inputSymbolText":"-- Choose One--","placeholder":"","instructionText":""},"events":{},"data":{"domain":{"fieldId":"15","fieldType":"standard","fieldFormat":"ZIPCODE","entityPath":"loan.property.postalCode","entity":"","property":"postalCode","collectionField":null,"itemNumber":"","allowEdit":"true"}}},"parentId":"GroupBox1","domPath":"/Categorybox1/GroupBox1","depth":null,"index":0,"name":"TextBox4","isAvailableOnWorkspace":"true","enabled":"true","tabIndex":"","lockField":"false","lockIconPosition":"Left","lockIconPositionValue":"1","city":"","state":"","country":"","cityField":"","stateField":"","countyField":"","rolodexId":"","rolodexField":"","visible":"true","controlAction":"","controlActionText":"Choose One...","field":"15 (Subject Property Zip)","previewMode":false},{"id":"GroupBox2","type":"GroupBox","cid":"aeef8e7d-7bab-e093-4d4f-6330249a4424","options":0,"headerClass":"em-group-box","Properties":{"ui":{"width":6,"isControlResized":true,"label":"Loan Details","offset":0,"enableHeader":"true","groupBoxHeader":"Loan Details","containerType":"GroupBox","borderStyle":"none","borderLines":"all"},"events":{"Click":"Mortgage Rate Explorer - Final_default.findRates()"},"data":{"domain":{}}},"parentId":"Categorybox1","domPath":"/Categorybox1","depth":null,"index":0,"name":"GroupBox2","isAvailableOnWorkspace":"true","enabled":"true","visible":"true","formPersonaAccess":{},"previewMode":false},{"id":"PriceBox","type":"TextBox","cid":"65258e19-2e61-ccda-76b1-487b236d04f7","options":0,"controlClass":"em-txt-lg","labelPosition":"label_Top","Properties":{"ui":{"width":6,"isControlResized":true,"label":"Loan House Price","offset":0,"labelWrap":"false","labelPosition":"Top","labelPositionValue":"1","labelStyle":"","removedLabel":"false","hoverText":"","maxChar":"14","inputSymbol":"dollar","inputSymbolText":"$","placeholder":"","instructionText":""},"events":{},"data":{"domain":{"fieldId":"136","fieldType":"standard","fieldFormat":"DECIMAL_2","fieldDBType":"decimal(28,10)","entityPath":"loan.purchasePriceAmount","entity":"","property":"purchasePriceAmount","collectionField":null,"itemNumber":"","allowEdit":"true"}}},"parentId":"GroupBox2","domPath":"/Categorybox1/GroupBox2","depth":null,"index":0,"name":"TextBox5","isAvailableOnWorkspace":"true","enabled":"true","tabIndex":"","lockField":"false","city":"","state":"","country":"","cityField":"","stateField":"","countyField":"","rolodexId":"","rolodexField":"","visible":"true","controlAction":"","controlActionText":"Choose One...","field":"136 (Trans Details Purchase Price)","previewMode":false},{"id":"TextBox6","type":"TextBox","cid":"d2d9f41a-28ab-6e46-b69f-1299a7635e72","options":0,"controlClass":"em-txt-lg","labelPosition":"label_Top","Properties":{"ui":{"width":2,"isControlResized":true,"label":"% Down","offset":0,"labelWrap":"false","labelPosition":"Top","labelPositionValue":"1","labelStyle":"","removedLabel":"false","hoverText":"","maxChar":"15","inputSymbol":"percent","inputSymbolText":"%","placeholder":"","instructionText":""},"events":{},"data":{"domain":{"fieldId":"1771","fieldType":"standard","fieldFormat":"DECIMAL_3","entityPath":"loan.downPaymentPercent","entity":"","property":"downPaymentPercent","collectionField":null,"itemNumber":"","allowEdit":"true"}}},"parentId":"GroupBox2","domPath":"/Categorybox1/GroupBox2","depth":null,"index":0,"name":"TextBox6","isAvailableOnWorkspace":"true","enabled":"true","tabIndex":"","lockField":"false","lockIconPosition":"Left","lockIconPositionValue":"1","city":"","state":"","country":"","cityField":"","stateField":"","countyField":"","rolodexId":"","rolodexField":"","visible":"true","controlAction":"","controlActionText":"Choose One...","field":"1771 (Trans Details Down Pmt %)","previewMode":false},{"id":"TextBox7","type":"TextBox","cid":"4e517b3e-90fe-f131-40eb-853cd88ad411","options":0,"controlClass":"em-txt-lg","labelPosition":"label_Top","Properties":{"ui":{"width":3,"isControlResized":true,"label":"Down Payment Amt","offset":0,"labelWrap":"false","labelPosition":"Top","labelPositionValue":"1","labelStyle":"","removedLabel":"false","hoverText":"","maxChar":"14","inputSymbol":"dollar","inputSymbolText":"$","placeholder":"","instructionText":""},"events":{},"data":{"domain":{"fieldId":"1335","fieldType":"standard","fieldFormat":"DECIMAL_2","entityPath":"loan.downPayment.amount","entity":"","property":"amount","collectionField":null,"itemNumber":"","allowEdit":"true"}}},"parentId":"GroupBox2","domPath":"/Categorybox1/GroupBox2","depth":null,"index":0,"name":"TextBox7","isAvailableOnWorkspace":"true","enabled":"true","tabIndex":"","lockField":"false","lockIconPosition":"Left","lockIconPositionValue":"1","city":"","state":"","country":"","cityField":"","stateField":"","countyField":"","rolodexId":"","rolodexField":"","visible":"true","controlAction":"","controlActionText":"Choose One...","field":"1335 (Trans Details Down Pymt Amt)","previewMode":false},{"id":"Label1","type":"Label","cid":"483fae32-7301-2dcf-cb7b-65e0ad0d582a","options":0,"controlClass":"em-txt-lg","labelPosition":"label_Top","Properties":{"ui":{"width":3,"isControlResized":true,"labelContent":"Total Loan Amount","offset":0,"labelWrap":"false","labelStyle":"","removedTopRow":"true"},"events":{},"data":{"domain":{}}},"parentId":"GroupBox2","domPath":"/Categorybox1/GroupBox2","depth":null,"index":0,"name":"Label1","isAvailableOnWorkspace":"true","enabled":"true","visible":"true","labelStyle":"","removedTopRow":"true","previewMode":false},{"id":"LoanAmtBox","type":"TextBox","cid":"4137c150-115b-22f8-af6f-a7fe97a5b853","options":0,"controlClass":"em-txt-lg","labelPosition":"label_Top","Properties":{"ui":{"width":6,"isControlResized":true,"label":"TextBox8","offset":0,"labelWrap":"false","labelPosition":"Top","labelPositionValue":"1","labelStyle":"","removedLabel":"true","hoverText":"","maxChar":"14","inputSymbol":"dollar","inputSymbolText":"$","placeholder":"","instructionText":""},"events":{},"data":{"domain":{"fieldId":"1109","fieldType":"standard","fieldFormat":"DECIMAL_2","fieldDBType":"decimal(28,10)","entityPath":"loan.borrowerRequestedLoanAmount","entity":"","property":"borrowerRequestedLoanAmount","collectionField":null,"itemNumber":"","allowEdit":"true"}}},"parentId":"GroupBox2","domPath":"/Categorybox1/GroupBox2","depth":null,"index":0,"name":"TextBox8","isAvailableOnWorkspace":"true","enabled":"true","tabIndex":"","lockField":"false","lockIconPosition":"Left","lockIconPositionValue":"1","city":"","state":"","country":"","cityField":"","stateField":"","countyField":"","rolodexId":"","rolodexField":"","visible":"true","controlAction":"","controlActionText":"Choose One...","field":"1109 (Trans Details Loan Amt)","previewMode":false},{"id":"GroupBox4","type":"GroupBox","cid":"29b68af7-a7d3-1eaf-6650-5fd082834886","options":0,"headerClass":"em-group-box","Properties":{"ui":{"width":6,"isControlResized":true,"label":"Estimated Credit Score","offset":0,"enableHeader":"true","groupBoxHeader":"Estimated Credit Score","containerType":"GroupBox","borderStyle":"dotted","borderLines":"left"},"events":{},"data":{"domain":{}}},"parentId":"Categorybox1","domPath":"/Categorybox1","depth":null,"index":0,"name":"GroupBox4","isAvailableOnWorkspace":"true","enabled":"true","visible":"true","formPersonaAccess":{},"previewMode":false},{"id":"MinFicoDD","type":"Dropdown","cid":"8d91403f-1c09-e02f-15d8-c1082472705b","options":0,"labelPosition":"label_Top","Properties":{"ui":{"width":3,"isControlResized":true,"label":"Min FICO","offset":0,"labelWrap":"false","labelPosition":"Top","labelPositionValue":"1","labelStyle":"","removedLabel":"false","instructionText":""},"events":{},"data":{"domain":{},"options":[{"Text":"600","Value":"600","optionId":"MinFicoDD_1"},{"Text":"650","Value":"650","optionId":"MinFicoDD_2"},{"Text":"700","Value":"700","optionId":"MinFicoDD_3"}]}},"parentId":"GroupBox4","domPath":"/Categorybox1/GroupBox4","depth":null,"index":0,"name":"MinFicoDD","isAvailableOnWorkspace":"true","enabled":"true","tabIndex":"","visible":"true","emptyOption":false,"removedTopRow":"","lockIconPosition":"Left","lockIconPositionValue":"1","previewMode":false},{"id":"MaxFicoDD","type":"Dropdown","cid":"3907b2a4-b82e-eb9d-a52d-9048e125d7f8","options":0,"labelPosition":"label_Top","Properties":{"ui":{"width":3,"isControlResized":true,"label":"Max FICO","offset":0,"labelWrap":"false","labelPosition":"Top","labelPositionValue":"1","labelStyle":"","removedLabel":"false","instructionText":""},"events":{},"data":{"domain":{},"options":[{"Text":"710","Value":"710","optionId":"MaxFicoDD_1"},{"Text":"730","Value":"730","optionId":"MaxFicoDD_2"},{"Text":"750","Value":"750","optionId":"MaxFicoDD_3"},{"Text":"780","Value":"780","optionId":"MaxFicoDD_4"}]}},"parentId":"GroupBox4","domPath":"/Categorybox1/GroupBox4","depth":null,"index":0,"name":"MaxFicoDD","isAvailableOnWorkspace":"true","enabled":"true","tabIndex":"","visible":"true","emptyOption":false,"previewMode":false},{"id":"GroupBox3","type":"GroupBox","cid":"85a43064-a82a-39a9-0505-3a514b95b7cd","options":0,"headerClass":"em-group-box","Properties":{"ui":{"width":6,"isControlResized":true,"label":"Rate Terms","offset":0,"enableHeader":"true","groupBoxHeader":"Rate Terms","containerType":"GroupBox","borderStyle":"dotted","borderLines":"top"},"events":{},"data":{"domain":{}}},"parentId":"Categorybox1","domPath":"/Categorybox1","depth":null,"index":0,"name":"GroupBox3","isAvailableOnWorkspace":"true","enabled":"true","visible":"true","formPersonaAccess":{},"previewMode":false},{"id":"LoanRateDD","type":"Dropdown","cid":"b714c36c-386e-3788-5579-bdb406020494","options":0,"labelPosition":"label_Top","Properties":{"ui":{"width":3,"isControlResized":true,"label":"Rate Type","offset":0,"labelWrap":"false","labelPosition":"Top","labelPositionValue":"1","labelStyle":"","removedLabel":"false","instructionText":""},"events":{},"data":{"domain":{"fieldId":"608","fieldType":"standard","fieldFormat":"STRING","entityPath":"loan.loanAmortizationType","entity":"","property":"loanAmortizationType","collectionField":null,"itemNumber":"","stdDataOptions":"api","allowEdit":"true"},"options":[{"Text":"Fixed Rate","Value":"Fixed","optionId":"LoanRateDD_1"}]}},"parentId":"GroupBox3","domPath":"/Categorybox1/GroupBox3","depth":null,"index":0,"name":"LoanRateDD","isAvailableOnWorkspace":"true","enabled":"true","tabIndex":"","visible":"true","emptyOption":true,"field":"608 (Trans Details Amort Type)","previewMode":false},{"id":"LoanTermDD","type":"Dropdown","cid":"35a927d0-becf-7a87-93bc-5231bd87fb21","options":0,"labelPosition":"label_Top","Properties":{"ui":{"width":3,"isControlResized":true,"label":"Loan Term","offset":0,"labelWrap":"false","labelPosition":"Top","labelPositionValue":"1","labelStyle":"","removedLabel":"false","instructionText":""},"events":{},"data":{"domain":{},"options":[{"Text":"30 Years","Value":"30","optionId":"LoanTermDD_1"},{"Text":"15 Years","Value":"15","optionId":"LoanTermDD_2"}]}},"parentId":"GroupBox3","domPath":"/Categorybox1/GroupBox3","depth":null,"index":0,"name":"LoanTermDD","isAvailableOnWorkspace":"true","enabled":"true","tabIndex":"","visible":"true","emptyOption":false,"originalEnabled":true,"previewMode":false},{"id":"LoanTypeDD","type":"Dropdown","cid":"e4a0f40a-6709-31e9-68ed-25d678cb16ee","options":0,"labelPosition":"label_Top","Properties":{"ui":{"width":3,"isControlResized":true,"label":"Loan Type","offset":0,"labelWrap":"false","labelPosition":"Top","labelPositionValue":"1","labelStyle":"","removedLabel":"false","instructionText":""},"events":{},"data":{"domain":{"fieldId":"1172","fieldType":"standard","fieldFormat":"STRING","entityPath":"loan.mortgageType","entity":"","property":"mortgageType","collectionField":null,"itemNumber":"","stdDataOptions":"api","allowEdit":"true"},"options":[{"Text":"Conventional","Value":"Conventional","optionId":"LoanTypeDD_1"},{"Text":"VA","Value":"VA","optionId":"LoanTypeDD_2"},{"Text":"FHA","Value":"FHA","optionId":"LoanTypeDD_3"}]}},"parentId":"GroupBox3","domPath":"/Categorybox1/GroupBox3","depth":null,"index":0,"name":"LoanTypeDD","isAvailableOnWorkspace":"true","enabled":"true","tabIndex":"","visible":"true","emptyOption":true,"field":"1172 (Trans Details Loan Type)","previewMode":false},{"id":"Button1","type":"Button","cid":"689123c2-9852-f117-3c67-6d998f8cb857","options":0,"Properties":{"ui":{"width":2,"isControlResized":true,"offset":1,"value":"Find Rates","buttonType":"Button","labelStyle":"","buttonTypeValue":"1","hoverText":null,"removedTopRow":"false","buttonStyles":"primary","height":32,"top":40,"left":412.68745},"events":{"Click":"Mortgage Rate Explorer - Step2_default.findRates()"},"data":{"domain":{}}},"parentId":"GroupBox3","domPath":"/Categorybox1/GroupBox3","depth":null,"index":0,"name":"Button1","isAvailableOnWorkspace":"true","enabled":"true","visible":"true","tabIndex":"","controlAction":"","controlActionText":"Choose One...","controlActionType":"appModal/navigate/formInModal (default: appModal)","removedTopRow":"false","previewMode":false}],"Assets":[{"AssetId":"9c81a925-f1ac-4f3a-a589-dcb22e8fd4b7","Type":"script:library","filename":"Mortgage Rate Explorer - Step2_default.js","name":"Mortgage Rate Explorer - Step2_default.js","uri":null}],"Properties":{"FormControlId":"Form1","ui":{"width":"","height":800,"spacing":"2","deviceValue":"Desktop","deviceText":"Desktop/Tablet","formClass":"","formClassValue":""},"data":null,"events":{"formLoad":"","formUnload":""}},"Entities":[],"Count":{"panels":1,"controls":{"GroupBox":4,"TextBox":8,"Label":1,"Dropdown":5,"Button":1},"assets":0}}
